[{"model": "api.category", "pk": 1, "fields": {"name": "tvshow", "slug": "tv"}}, {"model": "api.category", "pk": 2, "fields": {"name": "movie", "slug": "films"}}, {"model": "api.category", "pk": 3, "fields": {"name": "book", "slug": "books"}}, {"model": "api.category", "pk": 4, "fields": {"name": "music", "slug": "music"}}, {"model": "api.genre", "pk": 1, "fields": {"name": "animation", "slug": "anime"}}, {"model": "api.genre", "pk": 2, "fields": {"name": "action", "slug": "action"}}, {"model": "api.genre", "pk": 3, "fields": {"name": "adventure", "slug": "advent"}}, {"model": "api.genre", "pk": 4, "fields": {"name": "science fiction", "slug": "sci-fi"}}, {"model": "api.genre", "pk": 5, "fields": {"name": "drama", "slug": "drama"}}, {"model": "api.genre", "pk": 6, "fields": {"name": "comedy", "slug": "comedy"}}, {"model": "api.genre", "pk": 7, "fields": {"name": "historical", "slug": "history"}}, {"model": "api.genre", "pk": 8, "fields": {"name": "thriller", "slug": "thriller"}}, {"model": "api.genre", "pk": 9, "fields": {"name": "classical", "slug": "classical"}}, {"model": "api.genre", "pk": 10, "fields": {"name": "rock", "slug": "rock"}}, {"model": "api.genre", "pk": 11, "fields": {"name": "pop", "slug": "pop"}}, {"model": "api.genre", "pk": 12, "fields": {"name": "electronic", "slug": "electronic"}}, {"model": "api.genre", "pk": 13, "fields": {"name": "rap", "slug": "rap"}}, {"model": "api.genre", "pk": 14, "fields": {"name": "comic book", "slug": "comic"}}, {"model": "api.genre", "pk": 15, "fields": {"name": "fantasy", "slug": "fantasy"}}, {"model": "api.genre", "pk": 16, "fields": {"name": "historical fiction", "slug": "hisfict"}}, {"model": "api.genre", "pk": 17, "fields": {"name": "romance", "slug": "romance"}}, {"model": "api.genre", "pk": 18, "fields": {"name": "biographies", "slug": "bio"}}, {"model": "api.genre", "pk": 19, "fields": {"name": "memoir", "slug": "memo"}}, {"model": "api.genre", "pk": 20, "fields": {"name": "true crime", "slug": "tcrime"}}, {"model": "api.genre", "pk": 21, "fields": {"name": "detective", "slug": "detective"}}, {"model": "api.genre", "pk": 22, "fields": {"name": "documentary", "slug": "doc"}}, {"model": "api.title", "pk": 1, "fields": {"name": "Sher", "year": 2010, "description": "A modern update finds the famous sleuth and his doctor partner solving crime in 21st century city", "category": 1, "genre": [8, 21]}}, {"model": "api.title", "pk": 2, "fields": {"name": "Planet", "year": 2012, "description": "Documentary showcasing life on Planet Earth.", "category": 1, "genre": [22]}}, {"model": "api.title", "pk": 3, "fields": {"name": "Knife", "year": 2016, "description": "Police officer is back and in the throes of a new, unanticipated rage--once again hunting the murderer who has haunted his entire career.", "category": 3, "genre": [8]}}, {"model": "api.title", "pk": 4, "fields": {"name": "198?", "year": 1961, "description": "Portrays life in a future time when a totalitarian government watches over all citizens and directs all activities.", "category": 3, "genre": [4]}}, {"model": "api.title", "pk": 5, "fields": {"name": "FXA: Selected works", "year": 1992, "description": "Stop me if this gets sappy. And it might.", "category": 4, "genre": [12]}}, {"model": "api.title", "pk": 6, "fields": {"name": "Stalker", "year": 1978, "description": "A guide leads two men through an area known as the Zone to find a room that grants wishes", "category": 2, "genre": [4]}}, {"model": "api.title", "pk": 7, "fields": {"name": "Eclipse: The Dark Side", "year": 1973, "description": "It stands as one of the most successful commercial recordings of all time, and has been released in just about every known country on the entire planet", "category": 4, "genre": [10]}}, {"model": "api.title", "pk": 8, "fields": {"name": "Roadside Picnic", "year": 1971, "description": "A fantastic story by two brothers, leading among other authors' works in terms of the number of translations into foreign languages and publications outside their country.", "category": 3, "genre": [4, 8]}}, {"model": "api.title", "pk": 9, "fields": {"name": "A Short History", "year": 2005, "description": "In this book explores the most intriguing and consequential questions that science seeks to answer and attempts to understand everything that has transpired from start to the rise of civilization.", "category": 3, "genre": [22]}}, {"model": "api.title", "pk": 10, "fields": {"name": "Bad Years", "year": 2019, "description": "Follows a busy family from Manchester with their lives converging on one crucial night", "category": 1, "genre": [5, 8]}}, {"model": "api.title", "pk": 11, "fields": {"name": "The Door Ring", "year": 2001, "description": "A journalist must investigate a mysterious videotape which seems to cause the death of anyone one week to the day after they view it.", "category": 2, "genre": [2, 8]}}, {"model": "api.title", "pk": 12, "fields": {"name": "Lins Rafm: Lazy Tapes", "year": 2012, "description": "Neoclassicism with knobs on", "category": 4, "genre": [9, 12]}}, {"model": "api.user", "pk": 1, "fields": {"password": "pbkdf2_sha256$180000$ijVv8r1wGivE$rey8YfP0rS1mb+1ZFPplLYFb2gMYKpdWYMRkRFtoSm8=", "last_login": "2020-07-10T08:51:51Z", "is_superuser": true, "username": "admin", "first_name": "", "last_name": "", "is_staff": true, "is_active": true, "date_joined": "2020-07-01T13:29:43Z", "email": "admin@yamdb.fake", "bio": "", "role": "user", "confirmation_code": "5hu-138972b92730db78dab8", "groups": [], "user_permissions": []}}, {"model": "api.user", "pk": 2, "fields": {"password": "pbkdf2_sha256$180000$lslNMZDZ7sF1$yOD2lZLLC90Aif+EphEfldXQ0n/Vq/RwBGkwAcSYvSw=", "last_login": null, "is_superuser": false, "username": "yamdb_test", "first_name": "YaMDB", "last_name": "Test User", "is_staff": false, "is_active": true, "date_joined": "2020-07-02T09:26:57Z", "email": "testuser@yamdb.net", "bio": "", "role": "user", "confirmation_code": "5hu-daffb4573d09e8b89a7c", "groups": [], "user_permissions": []}}, {"model": "api.user", "pk": 3, "fields": {"password": "pbkdf2_sha256$180000$RIT2FFTdgkYK$tvVkE3RbjDEsTeCdpGiv4yeCvNXyk7Sn1Di/7TUDyXQ=", "last_login": null, "is_superuser": false, "username": "petty_snob", "first_name": "Petty", "last_name": "Snob", "is_staff": false, "is_active": true, "date_joined": "2020-07-02T15:17:52Z", "email": "petty_snob@yamdb.net", "bio": "", "role": "user", "confirmation_code": "5hu-6198d09e00aa9dde60f5", "groups": [], "user_permissions": []}}, {"model": "api.review", "pk": 1, "fields": {"title": 1, "text": "Reflecting the evolution of the series", "author": 2, "score": 9, "pub_date": "2020-07-02T15:05:09.736Z"}}, {"model": "api.review", "pk": 2, "fields": {"title": 2, "text": "There is no doubt that this documentary is a masterpiece,and one of the best i have ever seen.the vast scene and the fascinating species of the sea will make you feel respect and awe to the nature ,the creator.forgetting the unhappiness ,trifles and pressure ,just throw yourself into the shock and purify your soul.", "author": 2, "score": 10, "pub_date": "2020-07-02T15:07:49.857Z"}}, {"model": "api.review", "pk": 3, "fields": {"title": 3, "text": "A new book from my favorite author is ALWAYS a cause for celebration, but I have to say, Knife truly blew me away, even more than I was expecting. This book feels like vintage author: it's dark and gritty, but it's not as gory as 2017's, and I think that's a great thing - it really lets razor sharp prose and rich character development shine.", "author": 2, "score": 8, "pub_date": "2020-07-02T15:10:50.525Z"}}, {"model": "api.review", "pk": 4, "fields": {"title": 4, "text": "This was an up and down kind of read for me. There were parts that I really enjoyed and parts that I found extremely difficult to maneuver through. I'm glad that I decided to pick it up and give it a go, because it's one that I've been curious about for a long time. I can definitely see why so many people love this book. It explores a lot of things that we see happening in the world today. I can't say I'm leaving it as a massive fan, but I'm sure it's one that I'll continue to think about.", "author": 2, "score": 5, "pub_date": "2020-07-02T15:13:50.209Z"}}, {"model": "api.review", "pk": 5, "fields": {"title": 5, "text": "Stop me if this gets sappy. And it might. Because Selected Works \u2014 recently reissued by the very first electronic music I ever bought, and certainly the first I ever heard over and over again. Long ago, before I was old enough to drive, I would sit in a small, cluttered bedroom in my parents\u2019 suburban ranch house, absorbed for hours by the sounds contained on this disc. The creeping basslines, the constantly mutating drum patterns, the synth tones which moved with all the grace and fluidity of a professional dancer, the strange noises that I\u2019d be unable to identify even if I tried. Back then, FXA was making music like nothing I\u2019d ever heard before.", "author": 2, "score": 10, "pub_date": "2020-07-02T15:16:08.638Z"}}, {"model": "api.review", "pk": 6, "fields": {"title": 1, "text": "If I was to rate the Sher series on season 4 alone, I would give this 0/10 if possible.", "author": 3, "score": 4, "pub_date": "2020-07-02T15:24:38.096Z"}}, {"model": "api.review", "pk": 7, "fields": {"title": 2, "text": "Great document, amazing narration, but IMO too much loud, cheesy music and censor.", "author": 3, "score": 5, "pub_date": "2020-07-03T09:36:12.432Z"}}, {"model": "api.review", "pk": 8, "fields": {"title": 3, "text": "Knife is a great thriller. For more than 90% of the novel I didn't know who the killer was. The novel is that good.", "author": 3, "score": 10, "pub_date": "2020-07-03T09:38:13.646Z"}}, {"model": "api.review", "pk": 9, "fields": {"title": 4, "text": "YOU. ARE. THE. DEAD. Oh my God. I got the chills so many times toward the end of this book. It completely blew my mind. It managed to surpass my high expectations AND be nothing at all like I expected. Or in Newspeak \"Double Plus Good.\"", "author": 3, "score": 9, "pub_date": "2020-07-03T09:41:42.262Z"}}, {"model": "api.review", "pk": 10, "fields": {"title": 5, "text": "There\u2019s nothing new about this re-release, aside from improved availability and decreased cost. But then, improving on this package would be near impossible. Sure, the music on Selected Works may sound a bit dated (as does, to be fair, most electronic music more than a few years old), but there\u2019s no denying it was the defining statement of Wrap\u2019s early years.", "author": 3, "score": 9, "pub_date": "2020-07-03T09:50:00.787Z"}}, {"model": "api.comment", "pk": 1, "fields": {"review": 4, "text": "I think you should read the work carefully.", "author": 2, "pub_date": "2020-07-03T09:44:28.092Z"}}, {"model": "admin.logentry", "pk": 1, "fields": {"action_time": "2020-07-02T09:26:58.042Z", "user": 1, "content_type": 6, "object_id": "2", "object_repr": "yamdb_test", "action_flag": 1, "change_message": "[{\"added\": {}}]"}}, {"model": "admin.logentry", "pk": 2, "fields": {"action_time": "2020-07-02T14:56:55.700Z", "user": 1, "content_type": 6, "object_id": "2", "object_repr": "yamdb_test", "action_flag": 2, "change_message": "[{\"changed\": {\"fields\": [\"First name\", \"Last name\", \"Email address\"]}}]"}}, {"model": "admin.logentry", "pk": 3, "fields": {"action_time": "2020-07-02T15:17:52.615Z", "user": 1, "content_type": 6, "object_id": "3", "object_repr": "petty_snob", "action_flag": 1, "change_message": "[{\"added\": {}}]"}}, {"model": "admin.logentry", "pk": 4, "fields": {"action_time": "2020-07-02T15:18:42.198Z", "user": 1, "content_type": 6, "object_id": "3", "object_repr": "petty_snob", "action_flag": 2, "change_message": "[{\"changed\": {\"fields\": [\"Email address\"]}}]"}}, {"model": "admin.logentry", "pk": 5, "fields": {"action_time": "2020-07-02T15:21:14.922Z", "user": 1, "content_type": 6, "object_id": "3", "object_repr": "petty_snob", "action_flag": 2, "change_message": "[{\"changed\": {\"fields\": [\"First name\", \"Last name\"]}}]"}}, {"model": "admin.logentry", "pk": 6, "fields": {"action_time": "2020-07-10T08:52:08.633Z", "user": 1, "content_type": 6, "object_id": "1", "object_repr": "admin", "action_flag": 2, "change_message": "[{\"changed\": {\"fields\": [\"Email address\"]}}]"}}]